abwa0001 abwa0001@stud.kea.dk Abdallah Saeed Ibrahim Wais
alel0003 alel0003@stud.kea.dk Aleksander Hvid Elleg�rd
alse0001 alse0001@stud.kea.dk Ali Selimi
anbe0002 anbe0002@stud.kea.dk Anton Becker
asat0001 asat0001@stud.kea.dk Assil Nasser Attiah
asjo0001 asjo0001@stud.kea.dk Aske Sebech Johanson
bjli0001 bjli0001@stud.kea.dk Bjarke Find Linnetved
clsc0001 clsc0001@stud.kea.dk Clara Vejl� Schlemmer
dape0001 dape0001@stud.kea.dk Daniel Gullbrand Petersen
debe0001 debe0001@stud.kea.dk Deanne Camille Bergke
enti0001 enti0001@stud.kea.dk Enes Tiftikci
frha0002 frha0002@stud.kea.dk Frederik Rudkj�bing Hansen
haab0001 haab0001@stud.kea.dk Haider Mohammed Hussein Abbas
haah0001 haah0001@stud.kea.dk Hamsa Ahmed Hassan
hafr0003 hafr0003@stud.kea.dk Hauge Saabye From
hamo0001 hamo0001@stud.kea.dk Hamdi Hassan Moalin
hind0163 hind0163@stud.kea.dk Hind Ahmad Maarouf
jaha0004 jaha0004@stud.kea.dk Jannick Mathias Hansen
jera0002 jera0002@stud.kea.dk Jens Christian Ravn
joth0003 joth0003@stud.kea.dk Johan Robert Thulin
jovi0002 jovi0002@stud.kea.dk Jonas Vistrup
kaha0003 kaha0003@stud.kea.dk Kasper Kristoffer Hansen
kegh0001 kegh0001@stud.kea.dk Kevin Ramo Ghavidel
lafo0001 lafo0001@stud.kea.dk Lasse Fosgaard
lala0002 lala0002@stud.kea.dk Laurits Schou Larsen
lupo0001 lupo0001@stud.kea.dk Luna Pollier
mabr0004 mabr0004@stud.kea.dk Magnus Munk Braunstein
mada0003 mada0003@stud.kea.dk Mathias Villads Dalberg
mael0003 mael0003@stud.kea.dk Mads Fosgaard Eller
mapo0004 mapo0004@stud.kea.dk Martin Sven Poulsen
masv0002 masv0002@stud.kea.dk Magnus Svensson
oska1001 oska1001@stud.kea.dk Oskar Liisbjerg Eriksen
sedr0001 sedr0001@stud.kea.dk Sebastian Holger Drumm
sesc0002 sesc0002@stud.kea.dk Severin Frouvne Schademan
thom54s8 thom54s8@stud.kea.dk Thomas Gavrilescu
tutu0001 tutu0001@stud.kea.dk Tunahan Turan
vibe0002 vibe0002@stud.kea.dk Viggo M�hring Beck
vira0004 vira0004@stud.kea.dk Viktor Rasmussen
yoel0001 yoel0001@stud.kea.dk Youssef El-Mannouti
yudo0001 yudo0001@stud.kea.dk Yusuf Qasim Doski
